id,name,menu,gram,calorie,carbohydrate,protein,fat,saturatedfat,unsaturatedfat,cholesterol,sodium,potash,ingredient
1,뼈해장국,3,300,315,7.1,39.94,13.54,4.48,6.09,106,2420,626,"돼지고기, 우거지, 대파, 마늘"
2,양평해장국,1,500,662,16.47,83.21,28.56,9.36,12.737,222,4199,1363,"마늘, 생강, 대파"
3,양평해장국(특),2,600,794.4,197.64,99.852,34.272,11.232,15.2844,266.4,5038.8,1635.6,"마늘, 생강, 대파"
4,얼큰순대국,4,300,328,33.78,23.25,10.35,3.615,3.145,439,1953,485,"순대, 사골, 마늘, 대파, 쌀, 돼지고기"
5,육개장,6,200,165,10.45,14.32,7.57,2.083,3.289,20,720,429,"소고기, 고사리, 대파, 숙주"
6,내장탕,5,500,403,33.04,29.67,16.86,5.373,5.703,356,1107,1187,"내장, 파, 된장, 마늘"
7,곱창전골,8,200,332,20.97,14.86,23.54,4.13,11.527,133,469,553,"곱창, 대파, 양파, 깻잎, 미나리"
8,편육,9,100,277,4,22,19,6,NULL,97,682,NULL,"돼지고기, 된장"
9,매운곱창볶음,10,150,265,15.59,12.42,19.82,7.946,6.315,208,305,460,"곱창, 깻잎, 양파"
10,꼬물이만두,11,150,280,39,8,10,NULL,NULL,NULL,NULL,NULL,"밀가루, 돼지고기, 부추, 당근"
11,연어니기리(6pcs),12,245,258,27,16.5,9,NULL,NULL,50,800,0,"쌀, 연어, 식초, 설탕"
12,연어니기리(9pcs),13,350,387,40.5,25.75,13.5,NULL,NULL,70,1200,0,"쌀, 연어, 식초, 설탕"
13,연어아부리,14,300,343,35.3,27.68,8.55,NULL,NULL,60,850,490,"쌀, 연어, 데리야끼소스"
14,장어지라시스시,15,337.5,409.92,34.1,17.95,19.39,NULL,NULL,290,1350,650,"쌀, 계란, 아보카도, 장어, 초새우"
15,캘리포니아롤,16,280,412.8,46.17,11.15,20.37,NULL,NULL,10,640,270,"쌀, 크래미, 오이, 마요네즈"
16,필라델피아롤,17,240,475,73.75,13.75,13.75,NULL,NULL,40,1350,0,"쌀, 크림치즈, 훈제연어, 오이"
17,롤콤보,18,420,635.05,69.75,17.26,31.87,NULL,NULL,20,940,460,"쌀, 크래미, 마요네즈, 스리라차마요"
18,롤니기리콤보,19,420,385.4,42.69,16.75,16.24,NULL,NULL,40,880,160,"쌀, 연어, 크래미, 오이"
19,필연스페셜,20,345,409.5,54.88,17.88,12.88,NULL,NULL,50,530,0,"쌀, 연어, 크림치즈, 훈제연어"
20,스파이시연어아보보울포케,21,354.4,610.96,68.66,15.41,32.98,NULL,NULL,20,550,610,"쌀, 연어, 아보카도, 날치알, 해초, 크래미"
21,훈제오리보양샐러드,22,320.1,487.76,50.61,19.29,23.78,NULL,NULL,100,370,490,"현미, 훈제오리, 오이, 로메인"
22,스파이시쉬림프샐러드,23,315,364.06,50.07,23.14,8.07,NULL,NULL,90,160,670,"현미, 새우, 오이, 로메인, 스리라차마요"
23,오메가3 듬뿍 연어샐러드,25,320.1,356.86,47.32,22.59,8.27,NULL,NULL,70,150,690,"현미, 연어, 오이, 로메인, 발사믹소스"
24,닭가슴살샐러드,24,315.1,376.16,51.72,24.69,14.73,NULL,NULL,110,330,490,"현미, 닭고기, 오이, 로메인, 참깨소스"
25,에그 포테이토 샌드위치,26,180,217.4,26.81,2.47,0.93,NULL,NULL,170,180,160,"달걀, 감자, 밀가루"
26,참치포테이토샌드위치,27,200,497.15,65.29,12.98,20.73,NULL,NULL,30,790,120,"달걀, 감자, 밀가루, 참치"
27,햄 무수비,28,190,317.88,59,7.65,3.49,NULL,NULL,780,90,140,"쌀, 김, 햄, 달걀"
28,참치마요 오니기리,30,95,212,28,4,8,NULL,NULL,10,460,0,"쌀, 참치, 마요네즈, 크런치믹스"
29,크랩 오니기리,29,95,186,38,5,2,NULL,NULL,50,60,0,"쌀, 크래미, 마요네즈, 크런치믹스"
30,여우우유 딸기,34,365,244.47,32.07,10.42,6.3,NULL,NULL,40,160,0,"우유, 아가베, 딸기"
31,여우우유 블루베리,35,325,244.47,29.73,10.35,6.81,NULL,NULL,40,160,0,"우유, 아가베, 블루베리"
32,멸치국수,36,500,441,61.71,22.1,11.44,2.788,3.898,268,1331,329,"밀가루, 달걀, 호박, 김, 멸치"
33,비빔국수,37,400,425,74.1,14.76,7.22,1.441,2.6,99,1626,358,"밀가루, 양마, 오이, 고추장"
34,생칼국수,38,350,420,71.74,16.04,8.79,1.578,2.457,23,566,529,"멸치, 달걀, 파, 감자, 김, 밀가루"
35,얼큰칼국수,39,219.5,510,107,15,3.1,0.7,NULL,35,249,NULL,"밀가루, 감자, 파, 달걀, 고추장"
36,들깨칼국수,40,250,280,47.67,11.43,5.8,1.038,1.607,17,372,443,"밀가루, 감자, 파, 달걀, 들깨"
37,수제비,43,400,371,61.49,15.46,6.73,1.43,2.425,99,2335,545,"밀가루, 양파, 당근, 호박"
38,만두국,42,400,418,29.95,24.12,21.79,7.946,9.231,168,2350,466,"만두, 달걀, 대파, 당근"
39,떡만두국,46,300,442,68.42,15,11.05,3.971,4.591,76,1324,271,"만두, 달걀, 대파, 당근, 떡"
40,매생이칼국수,41,200,310,85,7,0.5,NULL,NULL,NULL,860,100,"매생이, 달걀, 파, 감자, 김, 밀가루"
41,얼큰수제비,44,193.5,470,103,11,1.4,0,NULL,5,1170,NULL,"밀가루, 양파, 당근, 호박, 고추장"
42,들깨수제비,45,400,362,59.22,15.67,7.01,1.443,2.506,93,2182,641,"밀가루, 양파, 당근, 호박, 들깨"
43,감자고기만두,48,150,315,32,11,16,6,NULL,25,520,NULL,"감자, 돼지고기, 당면, 두부, 부추"
44,김치만두,49,200,325,38,16,12,NULL,NULL,15,880,120,"김치, 돼지고기, 당면, 두부, 부추"
45,갈비만두,50,100,160,13.32,8.02,7.9,2.5,3.4,12,230,100,"돼지고기, 당면, 두부, 부추"
46,야채비빔밥,47,300,388,75.3,11.22,3.81,1.067,1.373,113,279,364,"양파, 시금치, 버섯, 당근, 파프리카, 상추, 쌀"
47,참치주먹밥,51,100,202,32,4,6,0.78,NULL,0,312,NULL,"쌀, 참치, 마요네즈"
48,멸치주먹밥,52,100,208,36.59,6.07,3.74,0.637,1.425,8,487,101,"쌀, 멸치, 마요네즈"
49,소고기야채죽,57,200,170,26.04,9.74,3.18,1.187,1.223,10,245,286,"쌀, 소고기, 버섯, 양파, 당근"
50,콩국수(여름메뉴),53,200,513,81.4,25.01,10.41,2.059,2.652,85,526,795,"콩, 밀가루, 오이"
51,열무국수(여름메뉴),54,350,392,68.33,10.51,8.1,1.16,3.023,0,1468,322,"열무김치, 달걀, 오이, 당근, 밀가루, 깨"
52,호박죽,55,300,211,44.01,4.38,2.96,1.735,0.619,3,605,333,"호박, 쌀, 꿀"
53,팥죽,56,400,382,78.49,15.06,1.54,0.354,0.277,0,555,738,"팥, 쌀, 소금, 꿀"
54,영양닭죽,58,200,247,5.52,37.21,12.18,3.454,5.014,82,470,303,"쌀, 당근, 파, 깨, 닭고기"
55,딥치즈싸이버거,,246,655,NULL,31,NULL,14,NULL,NULL,1196,NULL,"밀가루, 닭고기, 양상추, 치즈"
56,화이트갈릭싸이버거,66,263,759,NULL,37,NULL,13,NULL,NULL,1345,NULL,"밀가루, 닭고기, 양상추"
57,쉬림프싸이플렉스버거,64,301,858,NULL,29,NULL,11.8,NULL,NULL,1392,NULL,"밀가루, 새우, 닭고기, 양상추"
58,트리플딥치즈싸이버거,65,272,659,NULL,30,NULL,12.1,NULL,NULL,1514,NULL,"밀가루, 닭고기, 아황산, 양상추, 치즈"
59,텍사스바베큐치킨버거,77,285,602,NULL,33,NULL,9.6,NULL,NULL,1419,NULL,"밀가루, 닭고기, 양상추, 토마토, 돼지고기"
60,싸이플렉스버거,63,406,991,NULL,44,NULL,15.2,NULL,NULL,2024,NULL,"밀가루, 닭고기, 양상추, 토마토"
61,양념치킨싸이버거,61,260,659,NULL,29,NULL,8.2,NULL,NULL,1277,NULL,"밀가루, 닭고기, 양상추, 토마토"
62,간장마늘싸이버거,62,238,591,NULL,27,NULL,7.7,NULL,NULL,1335,NULL,"밀가루, 닭고기, 양상추"
63,싸이버거,59,230,594,NULL,28,NULL,8.6,NULL,NULL,1009,NULL,"밀가루, 닭고기, 양상추"
64,불싸이버거,60,230,543,NULL,28,NULL,6.9,NULL,NULL,1152,NULL,"밀가루, 닭고기, 양상추, 오징어, 조개"
65,인크레더블버거,68,312,749,NULL,38,NULL,8.6,NULL,NULL,1455,NULL,"밀가루, 닭고기, 양상추, 토마토, 조개"
66,할라피뇨통살버거,76,267,631,NULL,27,NULL,8.1,NULL,NULL,1103,NULL,"밀가루, 닭고기, 양상추, 토마토"
67,휠렛버거,67,288,586,NULL,39,NULL,6.4,NULL,NULL,982,NULL,"밀가루, 닭고기, 양상추, 토마토"
68,딥치즈버거,75,281,605,NULL,42,NULL,10,NULL,NULL,1195,NULL,"밀가루, 닭고기, 양상추"
69,언빌리버블버거,69,338,772,NULL,45,NULL,7.9,NULL,NULL,1514,NULL,"밀가루, 닭고기, 양상추, 새우, 조개"
70,화이트갈릭버거,74,298,699,NULL,45,NULL,11.1,NULL,NULL,1580,NULL,"밀가루, 닭고기, 양상추, 돼지고기"
71,불고기버거,70,159,383,NULL,15,NULL,5.5,NULL,NULL,739,NULL,"밀가루, 돼지고기, 토마토, 양상추"
72,새우불고기버거,72,247,635,NULL,18,NULL,7.6,NULL,NULL,1242,NULL,"밀가루, 새우, 돼지고기, 토마토, 양상추"
73,에그불고기버거,,211,497,NULL,20,NULL,6.4,NULL,NULL,951,NULL,"밀가루, 돼지고기, 토마토, 달걀, 양상추"
74,디럭스불고기버거,71,226,553,NULL,26,NULL,10.6,NULL,NULL,1111,NULL,"밀가루, 돼지고기, 토마토, 양상추"
75,통새우버거,73,178,449,NULL,12,NULL,12.4,NULL,NULL,707,NULL,"밀가루, 새우, 양상추"
76,야채통통치킨버거,79,316,766,NULL,28,NULL,9.3,NULL,NULL,1280,NULL,"밀가루, 고등어, 토마토, 닭고기, 양상추"
77,오리지널미트볼버거,80,303,814,NULL,34,NULL,18.3,NULL,NULL,1417,NULL,"밀가루, 돼지고기, 토마토, 아황산, 닭고기, 양상추"
78,청양마요미트볼버거,81,301,799,NULL,36,NULL,15.7,NULL,NULL,1434,NULL,"밀가루, 돼지고기, 토마토, 닭고기, 양상추"
79,꿀간장누룽지싸이순살,82,100,300,NULL,20,NULL,5.2,NULL,NULL,467,NULL,"밀가루, 닭고기, 간장, 꿀, 쌀"
80,마늘톡겨자싸이순살,83,100,324,NULL,21,NULL,4.8,NULL,NULL,546,NULL,"밀가루, 닭고기, 마늘, 겨자"
81,치즈뿌치싸이순살,84,100,418,NULL,22,NULL,5.8,NULL,NULL,614,NULL,"우유, 밀가루, 닭고기, 치즈"
82,군옥수수뿌치싸이순살,85,100,382,NULL,20,NULL,5.4,NULL,NULL,532,NULL,"우유, 밀가루, 닭고기, 옥수수, 치즈"
83,핫치즈싸이순살,86,100,331,NULL,18,NULL,4.9,NULL,NULL,536,NULL,"우유, 밀가루, 토마토, 닭고기, 쇠고기, 오징어, 조개"
84,후라이드싸이순살,87,100,349,NULL,22,NULL,3.9,NULL,NULL,389,NULL,"밀가루, 닭고기"
85,맘스양념싸이순살,88,100,290,NULL,15,NULL,2.9,NULL,NULL,475,NULL,"우유, 밀가루, 닭고기, 토마토"
86,간장마늘싸이순살,89,100,283,NULL,15,NULL,2.4,NULL,NULL,488,NULL,"밀가루, 닭고기, 조개, 간장, 마늘"
87,치파오싸이순살,90,100,290,NULL,16,NULL,2.7,NULL,NULL,477,NULL,"밀가루, 닭고기, 조개"
88,꿀간장누룽치치킨(반마리),91,100,305,NULL,16,NULL,4.6,NULL,NULL,573,NULL,"밀가루, 닭고기, 간장, 꿀, 쌀"
89,꿀간장누룽지치킨(한마리),92,100,305,NULL,16,NULL,4.6,NULL,NULL,573,NULL,"밀가루, 닭고기, 간장, 꿀, 쌀"
90,마늘톡겨자치킨(반마리),93,100,326,NULL,18,NULL,4.2,NULL,NULL,569,NULL,"밀가루, 닭고기, 마늘, 겨자"
91,마늘톡겨자치킨(한마리),94,100,326,NULL,18,NULL,4.2,NULL,NULL,569,NULL,"밀가루, 닭고기, 마늘, 겨자"
92,치즈뿌치(반마리),95,100,304,NULL,24,NULL,4.2,NULL,NULL,458,NULL,"우유, 밀가루, 닭고기, 치즈"
93,치즈뿌치(한마리),96,100,304,NULL,24,NULL,4.2,NULL,NULL,458,NULL,"우유, 밀가루, 닭고기, 치즈"
94,후라이드치킨(반마리),97,100,319,NULL,23,NULL,3.9,NULL,NULL,507,NULL,"밀가루, 닭고기"
95,후라이드치킨(한마리),98,100,319,NULL,23,NULL,3.9,NULL,NULL,507,NULL,"밀가루, 닭고기"
96,간장마늘치킨(반마리),99,100,304,NULL,23,NULL,3.1,NULL,NULL,521,NULL,"밀가루, 닭고기, 조개, 간장, 마늘"
97,간장마늘치킨(한마리),100,100,304,NULL,23,NULL,3.1,NULL,NULL,521,NULL,"밀가루, 닭고기, 조개, 간장, 마늘"
98,맘스양념치킨(반마리),101,100,269,NULL,16,NULL,2.2,NULL,NULL,569,NULL,"우유, 밀가루, 닭고기, 토마토"
99,맘스양념치킨(한마리),102,100,269,NULL,16,NULL,2.2,NULL,NULL,569,NULL,"우유, 밀가루, 닭고기, 토마토"
100,반반치킨(후라이드+양념1종),103,100,310,NULL,22,NULL,4,NULL,NULL,500,NULL,"우유, 밀가루, 닭고기"
101,닭강정트리오,104,100,304,NULL,10,NULL,2.5,NULL,NULL,438,NULL,"우유, 땅콩, 밀가루, 아황산, 닭고기, 조개"
102,케이준떡강정(S),105,100,321,NULL,10,NULL,2.8,NULL,NULL,433,NULL,"우유, 땅콩, 밀가루, 아황산, 닭고기"
103,간장마늘떡강정(S),106,100,301,NULL,9,NULL,2.4,NULL,NULL,420,NULL,"우유, 밀가루, 닭고기, 조개"
104,치파오떡강정(S),107,100,290,NULL,11,NULL,2.5,NULL,NULL,460,NULL,"우유, 밀가루, 닭고기"
105,후라이드텐더(4조각),108,100,308,NULL,23,NULL,3.1,NULL,NULL,394,NULL,"밀가루, 닭고기"
106,후라이드텐더(8조각),109,100,308,NULL,23,NULL,3.1,NULL,NULL,394,NULL,"밀가루, 닭고기"
107,찐감자찰빵2조각,110,100,277,NULL,3,NULL,4.8,NULL,NULL,271,NULL,"우유, 밀가루, 아황산, 감자"
108,코울슬로,111,120,160,NULL,1,NULL,1.1,NULL,NULL,440,NULL,"양배추, 양파, 마요네즈"
109,콘샐러드,112,100,140,NULL,1,NULL,1.2,NULL,NULL,370,NULL,"옥수수, 마요네즈"
110,바삭크림치즈볼(2조각),113,60,209,NULL,3,NULL,4.1,NULL,NULL,238,NULL,"우유, 밀가루, 치즈"
111,달콤카라멜볼,114,62,277,NULL,4,NULL,7.1,NULL,NULL,225,NULL,"우유, 밀가루, 카라멜"
112,케이준양념감자,115,100,313,NULL,5,NULL,3.2,NULL,NULL,750,NULL,"밀가루, 감자"
113,케이준양념감자(대),116,180,564,NULL,8,NULL,5.7,NULL,NULL,1351,NULL,"밀가루, 감자"
114,치즈감자,117,155,439,NULL,8,NULL,6.5,NULL,NULL,1007,NULL,"밀가루, 감자, 치즈"
115,치즈스틱,118,40,129,NULL,6,NULL,2.7,NULL,NULL,217,NULL,"밀가루, 치즈, 우유"
116,매콤김떡만,119,190,269,NULL,10,NULL,3.2,NULL,NULL,848,NULL,"밀가루, 우유, 돼지고기, 아황산, 닭고기, 조개"
117,할라피뇨너겟(4조각),120,65,153,NULL,11,NULL,1.8,NULL,NULL,313,NULL,"밀가루, 닭고기, 조개"
118,탄단지샐러디,121,245,371.1,34.7,17.8,19.6,2.8,NULL,NULL,365.6,NULL,"치킨, 크랜베리, 감자, 견과류, 오리엔탈소스, 채소"
119,로스트닭다리살샐러디,122,320,338.1,51.3,10.9,11.3,2.8,NULL,NULL,880.4,NULL,"닭고기, 단호박, 토마토, 양파, 옥수수, 크리미할라피뇨소스, 채소"
120,콥샐러디,132,215,219.1,14.1,12.3,15.2,4.5,NULL,NULL,486.2,NULL,"채소, 달걀, 옥수수, 올리브, 양파, 베이컨"
121,우삼겹메밀면샐러디,134,305,307,39.2,18.9,14.7,0.9,NULL,NULL,427.2,NULL,"채소, 돼지고기, 메밀, 오이, 양파, 견과류"
122,연어샐러디,133,260,297.4,24.2,15.4,15.2,1.6,NULL,NULL,304.2,NULL,"채소, 연어, 감자, 양파, 레몬"
123,시저치킨샐러디,131,160,116.4,15.1,14,0.9,0.3,NULL,NULL,210.9,NULL,"채소, 닭고기, 크랜베리, 시저소스"
124,칠리베이컨웜볼,123,300,485.4,65.5,20.3,15.8,5.7,NULL,NULL,438.8,NULL,"채소, 쌀, 베이컨, 달걀, 옥수수"
125,우삼겹웜볼,136,285,409.9,59.9,21.3,10.8,1.1,NULL,NULL,242.9,NULL,"채소, 쌀, 돼지고기, 양파, 견과류, 오리엔탈소스"
126,에그베이컨 샌드,124,195,442.5,45.7,14.5,22.1,7.4,NULL,NULL,576.1,NULL,"채소, 달걀, 베이컨, 토마토, 치즈, 허니머스타드소스"
127,치킨토마토샌드,140,194,421.5,39.4,16.1,22.4,6,NULL,NULL,548.3,NULL,"채소, 닭고기, 토마토, 크랜베리, 치즈, 시저소스"
128,맥시칸랩,126,219,565.6,53.9,15.2,32.6,7.3,NULL,NULL,893.7,NULL,"채소, 소고기, 나쵸, 샤워크림, 크리미칠리소스"
129,칠리베이컨웜랩,127,315,744.1,84.3,21,35.9,10.2,NULL,NULL,1153,NULL,"채소, 쌀, 베이컨, 달걀, 옥수수, 크리미칠리소스"
130,우삼겹웜랩,128,305,622,73,23.2,27.4,5.3,NULL,NULL,884,NULL,"채소, 쌀, 돼지고기, 양파, 견과류, 오리엔탈소스"
131,스파이시비프 브레드,125,248,420,62,24.1,17.1,4.8,NULL,NULL,646.3,NULL,"채소, 돼지고기, 양파, 치즈, 크리미칠리소스"
132,바질치킨 브레드,129,269,588,63.3,23.9,24,8.6,NULL,NULL,831.5,NULL,"채소, 닭고기, 토마토, 양파, 할라피뇨, 치즈, 크리미할라피뇨소스"
133,바질치킨 랩,130,224,524,48.1,20.8,27.5,6.4,NULL,NULL,882.7,NULL,"채소, 닭고기, 바질페스토, 크랜베리, 시저소스"
134,단호박두부 샐러디,135,295,264.4,36.4,7.3,11.8,1.6,NULL,NULL,368.7,NULL,"채소, 단호박, 두부, 당근, 옥수수, 올리브, 타바스코오리엔탈소스"
135,머쉬룸두부 웜볼,137,360,431.5,76.3,15.6,10.4,1.1,NULL,NULL,182.6,NULL,"채소, 쌀, 버섯, 두부, 양파, 옥수수, 타바스코오리엔탈소스"
136,바베큐치킨 웜볼,138,370,519.3,90.5,17.3,8.3,0.9,NULL,NULL,583.6,NULL,"채소, 쌀, 닭고기, 달걀, 양파, 옥수수, 타바스코오리엔탈소스"
137,할라피뇨치킨 웜볼,139,345,409.3,71.4,24.9,5.2,0.5,NULL,NULL,786.8,NULL,"채소, 쌀, 닭고기, 할라피뇨, 옥수수, 샤워크림, 크리미칠리소스"
138,크리미연어 샌드,141,204,396.1,39.7,14.9,19.7,4.9,NULL,NULL,751.7,NULL,"채소, 연어, 양파, 토마토, 치즈, 크리미할라피뇨소스"
139,바베큐치킨 샌드,142,234,415.6,46.5,14.6,16.7,7.5,NULL,NULL,835.5,NULL,"채소, 닭고기, 토마토, 양파, 치즈, 허니머스타드소스"
140,시저치킨 랩,143,224,501.1,49.8,18.6,26.2,6,NULL,NULL,824.1,NULL,"채소, 닭고기, 크랜베리, 시저소스"
141,크리미연어 랩,144,249,488.1,53.6,16.1,19.8,4.1,NULL,NULL,1027.1,NULL,"채소, 연어, 양파, 토마토, 크리미할라피뇨소스"
142,로스트닭다리살 랩,145,289,564,60,16.2,25.5,7.7,NULL,NULL,1184.4,NULL,"채소, 닭고기, 양파, 토마토, 할라피뇨, 샤워크림, 크리미할라피뇨소스"
143,크랜베리그릭 랩,146,222,538.2,56.4,11.2,31.3,9,NULL,NULL,760.9,NULL,"채소, 치즈, 크랜베리, 올리브, 토마토, 견과류, 시저소스"
144,바베큐치킨 웜랩,147,350,629.9,95.5,17.3,17.8,4,NULL,NULL,1208,NULL,"채소, 쌀, 닭고기, 양파, 옥수수, 할라피뇨, 허니머스타드소스"
145,할라피뇨치킨 웜랩,148,338,603.8,47.5,17.2,15.4,2.2,NULL,NULL,789.2,NULL,"채소, 쌀, 닭고기, 할라피뇨, 샤워크림, 크리미칠리소스"
146,참치마요,160,217,425,55,11,18,3.2,NULL,30,620,NULL,"쌀, 참치, 양파, 김, 달걀, 마요네즈, 데리야끼소스"
147,치킨마요,161,233,425,61,14,14,2.4,NULL,65,810,NULL,"쌀, 닭고기, 양파, 김, 달걀, 마요네즈, 데리야끼소스"
148,큐브스테이크덮밥,149,300,445,54.33,25.29,13.29,5.265,5.6,47,685,565,"소고기, 쌀, 양파, 파, 겨자, 데리야끼소스"
149,쭈삼덮밥,150,100,276,32,14,12,561,4.2,5.31,230,123.21,"쭈꾸미, 돼지고기, 고추장, 양파, 겨자, 쌀"
150,닭갈비숙주덮밥,151,310,460,75,15,11,1.3,NULL,30,920,NULL,"닭고기, 숙주, 양파, 고추장, 겨자, 쌀"
151,제육숙주덮밥,152,500,779,115.13,29.85,21.41,6.397,8.788,71,544,725,"돼지고기, 숙주, 양파, 고추장, 겨자, 쌀"
152,소불숙주덮밥,153,300,440,48.77,28.64,12.74,3.244,5.098,54,304,486,"소고기, 숙주, 양파, 쌀, 겨자"
153,쭈불덮밥,154,100,298,54.1,28.12,15.41,3.41,7.12,NULL,270,NULL,"쭈꾸미, 소고기, 양파, 쌀, 겨자"
154,삼겹매콤와퍼,155,100,302,36,21,14,581,4.3,6.42,654,123.21,"돼지고기, 양파, 달걀, 간장, 쌀"
155,데리와퍼참치,156,282.1,552.5,71.5,14.3,23.4,4.16,0,39,806,0,"참치, 양파, 쌀, 김, 데리야끼소스, 달걀, 마요네즈"
156,제육와퍼,157,250,389.5,57.565,14.925,10.705,3.1985,4.394,35.5,272,362.5,"돼지고기, 쌀, 김, 달걀, 데리야끼소스, 마요네즈, 고추장"
157,김치제육와퍼,158,250,381,56.1,14,11,3.2,4.9,46.6,284,391,"돼지고기, 고추장, 김치, 달걀, 데리야끼소스, 쌀, 김"
158,데리와퍼치킨,159,302.9,552.5,79.3,18.2,18.2,3.12,0,84.5,1053,0,"쌀, 닭고기, 양파, 김, 달걀, 마요네즈, 데리야끼소스"
159,삼겹매콤마요,162,100,312,39.21,13.2,12,561,4.2,5.31,5.12,152.3,"돼지고기, 양파, 달걀, 간장, 쌀"
160,불고기비빔밥,163,205,345,54,8,11,2.2,NULL,30,730,NULL,"양파, 시금치, 버섯, 당근, 파프리카, 상추, 쌀, 소고기"
161,야채참치비빔밥,164,300,388,75.3,11.22,3.81,1.067,NULL,113,279,364,"양파, 시금치, 버섯, 당근, 파프리카, 상추, 쌀, 참치"
162,강된장제육비빔밥,165,380,370,71,11,4.5,0.7,NULL,NULL,880,NULL,"된장, 돼지고기, 양파, 시금치, 버섯, 당근, 파프리카, 상추, 쌀"
163,불맛땡초치킨도시락,166,345,585,92,29,11,1.9,NULL,105,1290,NULL,"닭고기, 쌀, 김치, 양배추, 밀가루"
164,마늘간장치킨도시락,167,400,754,97,24,30,6,NULL,77,1063,NULL,"마늘, 닭고기, 쌀, 김치, 양배추, 밀가루"
165,새우콤보도시락,168,400,712,81,36.32,30,NULL,NULL,NULL,831.3,NULL,"새우, 돼지고기, 밀가루, 쌀, 김치, 양배추"
166,칠리콤보도시락,169,400,741,104.3,27.32,19.3,6.4,9.12,249,782,720,"돼지고기, 닭고기, 밀가루, 쌀, 김치, 양배추, 칠리소스"
167,콤보도시락,170,400,720,102.95,26.84,21.7,4.93,8.12,247,732,810,"돼지고기, 닭고기, 밀가루, 쌀, 김치, 양배추"
168,소불고기도시락,171,400,792,118,39,17,NULL,NULL,NULL,NULL,NULL,"소고기, 밀가루, 쌀, 김치, 양배추, 양파, 당근"
169,제육볶음도시락,172,415,771,93,35,29,8,NULL,202,1616,NULL,"양파, 당근, 마늘, 돼지고기, 고추장, 밀가루, 쌀, 김치, 양배추"
170,떡닭갈비도시락,173,418,675,96,30,19,4.7,NULL,161,1905,NULL,"떡, 돼지고기, 양파, 김치, 양배추, 밀가루, 쌀"
171,치킨커리,174,200,211,11,20,11,3.1,NULL,110,640,NULL,"닭고기, 감자, 양파, 우유, 카레"
172,돈까스커리,175,200,231,17,23,15,4.1,NULL,149,730,NULL,"돼지고기, 밀가루, 감자, 양파, 우유, 카레"
173,짝3호(제육+간장치킨),176,415,791,98,39,41,8,NULL,219,1502,NULL,"돼지고기, 닭고기, 마늘, 고추장, 당근, 양파, 밀가루, 쌀, 양배추, 김치"
174,짝4호(소불+간장치킨),177,400,801,120,33.1,19.1,NULL,NULL,NULL,NULL,NULL,"소고기, 닭고기, 마늘, 김치, 양배추, 양파, 당근, 밀가루, 쌀"
175,짝2호(소불+돈까스),178,400,810,118,39,10.2,NULL,NULL,NULL,NULL,NULL,"소고기, 돼지고기, 밀가루, 당근, 양파, 김치, 양배추, 쌀"
176,짝1호(제육+돈까스),179,415,781,98,33.31,30,9,NULL,200.12,1603,NULL,"돼지고기, 마늘, 고추장, 당근, 양파, 밀가루, 쌀, 김치, 양배추"
177,짝5호(소불+제육),180,415,831,120.1,38.21,35.2,11,NULL,201.92,1600,NULL,"소고기, 돼지고기, 고추장, 당근, 양파, 밀가루, 쌀, 김치, 양배추"
178,만찬도시락,181,400,793,99.2,39.3,38.2,13,NULL,243.1,1702,NULL,"돼지고기, 소고기, 당근, 양파, 밀가루, 쌀, 김치, 양배추"
179,코다리소불도시락,182,400,845,131,41.2,39.91,12,NULL,209,1654,NULL,"생선, 소고기, 당근, 양파, 밀가루, 쌀, 김치, 양배추"
180,인기스타,183,475,839,141,41,20.98,5.3,NULL,182,1808,NULL,"새우, 닭고기, 소고기, 돼지고기, 밀가루, 김치, 양배추, 당근, 양파, 메추리알, 쌀, 어묵"
181,진수성찬,184,497,824,122,35,22,7,NULL,149,1870,NULL,"새우, 돼지고기, 고추장, 닭고기, 밀가루, 김치, 양배추, 메추리알, 어묵, 쌀"
182,한상차림,185,475,839,130,37,19,4.3,NULL,177,1775,NULL,"소고기, 돼지고기, 생선, 당근, 양파, 김치, 양배추, 메추리알, 쌀, 밀가루"
183,코다리제육도시락,186,400,750,83,41,28,8,NULL,198,1771,NULL,"생선, 돼지고기, 고추장, 양파, 밀가루, 쌀, 김치, 양배추"
184,새우감자고로케,188,100,210,19.31,4.07,12.91,1.418,6.89,32,220,133,"새우, 감자, 햄, 양파, 달걀, 밀가루 케이준감자 - 밀가루, 감자"
185,케이준감자,187,100,313,60,4,4,1.1,2.8,NULL,410,NULL,"밀가루, 감자"
186,국물떡볶이,189,200,280,60.42,6.97,2.91,0.544,0.768,7,249,571,"떡, 고추장, 간장, 고춧가루"
187,베트남쌀국수,190,624,589,112.94,25.08,4.12,0.69,NULL,27,2539,NULL,"쌀, 소고기, 숙주, 양파, 고추, 대파, 레몬"
188,분짜,192,500,765,91.49,35.59,26.45,9.642,11.548,116,1009,569,"쌀, 돼지고기, 양상추, 고수, 어린잎, 레몬"
189,반쎄오,193,100,140,23.49,5.88,2.47,1.54,0.418,24,117,199,"쌀, 밀가루, 강황가루, 코코넛밀크"
190,매운쌀국수,191,300,350,74,7,3.1,1.8,NULL,0,1080,NULL,"쌀, 소고기, 숙주, 양파, 고추, 대파, 레몬"
191,파인애플볶음밥,194,250,271,53,12,1.4,NULL,NULL,15,714,NULL,"파인애플, 달걀, 양파, 쌀, 대파, 굴소스"
192,넴,196,50,95,12,3.5,3.3,0.5,2.8,NULL,300,NULL,"쌀, 상추, 박하, 깻잎, 청경채, 돼지고기, 새우, 레몬"
193,하가우,197,50,47,5,2.6,0.6,0.1,0.5,NULL,104,NULL,"새우, 쌀, 대파, 참기름, 간장"
194,꿔이,198,200,350,50,20,4,1.5,2.6,NULL,1500,NULL,"쌀, 미역, 소고기, 양파, 마늘, 생각, 숙주, 당근, 오이, 레몬"
195,반미,195,100,210,36,9,3.5,1.3,NULL,15,530,NULL,"밀가루, 오이, 고수, 고추, 돼지고기, 굴소스"
196,등심돈까스,202,200,491,24.56,51.77,18.98,5.307,8.254,185,883,640,"돼지고기, 밀가루, 양배추, 쌀"
197,치즈돈까스,203,250,721,25.41,57.87,41.57,17.171,16.385,217,1237,622,"돼지고기, 밀가루, 양배추, 쌀, 치즈"
198,고구마치즈돈까스,209,250,688,27.04,54.36,38.87,16.055,15.318,203,1165,636,"돼지고기, 밀가루, 양배추, 쌀, 고구마, 치즈"
199,치킨까스,212,200,569,25.05,39.54,33.22,8.5,13.364,163,564,354,"닭고기, 밀가루, 양배추, 쌀"
200,카레돈까스,204,300,551,53.12,32.55,23.91,5.311,11.873,78,614,861,"돼지고기, 밀가루, 양배추, 쌀, 카레"
201,쫄면,214,200,211,43.29,4.55,1.54,0.248,0.433,0,501,337,"밀가루, 오이, 양배추, 당근, 콩나물, 상추, 달걀, 고추장, 고춧가루"
202,우동,215,200,361,73.62,11.82,1.42,0.292,0.288,14,1537,177,"밀가루, 가쓰오부시, 간장, 다시마, 대파, 어묵, 유부"
203,냉모밀,223,250,281,51.39,7.98,4.72,0.73,1.179,13,452,151,"메밀, 무, 김, 파, 고추냉이, 멸치"
204,로제돈가스,205,150,550,47,28,27,3,24,NULL,1000,NULL,"돼지고기, 밀가루, 양배추, 쌀, 우유, 토마토"
205,마늘돈가스,206,150,510,29,36,27,5,17,NULL,940,NULL,"돼지고기, 밀가루, 양배추, 쌀, 마늘"
206,로제치즈돈가스,207,180,630,50,40,51,5,29,NULL,1203,NULL,"돼지고기, 밀가루, 양배추, 쌀, 우유, 토마토, 치즈"
207,옛날돈가스,208,150,500,22,28,29,7,18,NULL,780,NULL,"돼지고기, 밀가루, 양배추, 쌀, 데미그라스소스"
208,매운칠리돈가스,210,150,543,32,29,29,6,14,NULL,820,NULL,"돼지고기, 밀가르, 양배추, 쌀, 칠리소스"
209,생크림데미그라스볼카츠,211,100,300,20,24,10,NULL,NULL,NULL,500,NULL,"돼지고기, 밀가루, 양배추, 쌀, 데미그라스소스, 우유"
210,생크림데미그라스점보돈가스,213,100,304,37,24.1,17.1,12.3,11.4,NULL,520,302,"돼지고기, 밀가루, 양배추, 쌀, 데미그라스소스, 우유"
211,파우동,216,200,361,73.62,11.82,1.42,0.292,0.288,14,1537,177,"밀가루, 가쓰오부시, 간장, 다시마, 대파, 어묵, 유부"
212,얼큰파우동,217,200,389,77,13.834,1.92,0.292,0.312,17,1603,179,"밀가루, 가쓰오부시, 간장, 다시마, 대파, 어묵, 유부, 고추"
213,로제우동,218,200,403.1,73.1,12.931,2.01,0.5,0.52,11,1605,201,"밀가루, 토마토, 우유, 대파"
214,카레라이스,219,400,544,71.72,34.54,14.91,3.7,7.23,43,600,1194,"쌀, 돼지고기 , 감자, 양파, 우유, 카레"
215,데리장조림덮밥,220,260,370,62,16,5.7,3.7,NULL,95,490,NULL,"쌀, 양파, 고추, 참기름, 장조림, 버터, 데리야끼소스"
216,고추장장조림비빔밥,221,260,380,67,16,4.2,4.4,NULL,102,473.33,NULL,"쌀, 양파, 고추장, 장조림, 참기름, 버터"
217,불냉면,222,400,463,75.92,17.37,9.34,2.117,3.419,189,1583,312,"밀가루, 오이, 쌈무, 참기름, 달걀, 마늘"
218,참치주먹밥,,100,202,32,4,6,0.78,NULL,0,312,NULL,"쌀, 참치, 마요네즈"
219,닭갈비주먹밥,224,300,605,100,29,10,3,3,69,841,578,"쌀, 닭고기, 마요네즈, 고추장"
220,참치김치주먹밥,228,300,549,64,12,13,NULL,NULL,NULL,NULL,NULL,"쌀, 참치, 김치, 마요네즈"
221,떡갈비주먹밥,231,300,558,104,20,19,1,NULL,30,840,501,"쌀, 돼지고기, 떡, 마요네즈"
222,어묵우동,235,200,361,73.62,11.82,1.42,0.292,0.288,14,1537,177,"밀가루, 가쓰오부시, 간장, 다시마, 대파, 어묵, 유부"
223,김치우동,236,300,481,82.27,12.02,10.84,2.682,6.088,15,809,357,"밀가루, 가쓰오부시, 간장, 다시마, 대파, 김치, 유부"
224,김치볶음주먹밥,225,100,192,37.21,3.6,2.94,0.45,1.097,NULL,258,81,"쌀, 김치, 참기름,마요네즈"
225,구운스팸주먹밥,226,110,197,31,6,6,2,NULL,12,502,NULL,"쌀, 햄, 마요네즈"
226,치즈날치알주먹밥,227,105,181,28,4,6,1.6,NULL,19,368,NULL,"쌀, 치즈, 날치알, 마요네즈"
227,양념갈비주먹밥,229,300,584,101,21,23,1.23,NULL,39.2,853,NULL,"쌀, 간장, 돼지고기, 마요네즈"
228,제육김치주먹밥,230,100,204,33.31,9.3,5.12,0.81,2.3,NULL,302,83,"쌀, 김치, 돼지고기, 마요네즈"
229,담백라면,233,120,500,77,12,16,8,NULL,9,1780,NULL,"밀가루, 고춧가루, 대파, 달걀"
230,얼큰라면,234,120,500,77,12,16,8,NULL,12,1880,NULL,"밀가루, 고춧가루, 대파, 달걀"
231,어묵,237,50,139,9.36,9.36,6.86,0.696,3.741,44,175,201,"어묵, 간장"
232,순대국밥,238,300,328,33.78,23.25,10.35,3.615,3.145,140,1120,485,"돼지고기, 순대, 사골, 마늘, 대파, 쌀"
233,수육국밥,239,350,498,66.05,29.35,11.68,3.566,5.129,73,832,636,"돼지고기, 사골, 마늘, 대파, 쌀"
234,얼큰국밥,240,300,360,37,22.54,9.21,4.51,2.31,104,1203,503,"돼지고기, 순대, 사골, 마늘, 대파, 쌀, 고춧가루"
235,치즈피자,241,100,237,26.08,10.6,10.1,4.304,2.823,21,462,138,"토마토, 밀가루, 치즈, 햄, 올리브, 버섯"
236,불고기피자,244,100,251,33.99,10.78,7.61,2.489,3.266,13,374,169,"소고기, 토마토, 밀가루, 치즈, 올리브, 버섯"
237,치즈오븐스파게티,243,400,550,96,24,8,5.2,NULL,10,1400,NULL,"토마토, 양파, 마늘, 파슬리, 치즈, 밀가루"
238,알밥,245,400,392,65.21,20.77,6.16,1.294,1.762,222,395,586,"쌀, 날치알, 단무지, 어린잎, 김, 참기름, 김치"
239,불닭도리아,242,260,498,80,22,10,8,NULL,NULL,798,NULL,"쌀, 닭고기, 양파, 치즈, 버터, 밀가루, 우유"
240,소고기쌀국수,246,624,589,112.94,25.08,4.12,0.69,NULL,27,2539,NULL,"쌀, 소고기, 숙주, 양파, 고추, 대파, 레몬"
241,제육덮밥,250,500,779,115.13,29.85,21.41,6.397,8.788,71,544,725,"돼지고기, 쌀, 김, 고추장, 숙주, 대파"
242,김치베이컨볶음밥,251,300,446,75.09,8.75,12.37,1.868,4.729,NULL,844,520,"돼지고기, 베이컨, 김치, 대파, 숙주, 쌀, 김"
243,짬뽕쌀국수,247,300,350,74,7,3.1,1.8,NULL,32,1080,NULL,"쌀, 소고기, 숙주, 양파, 고추, 대파, 레몬, 고춧가루"
244,매콤 비빔쌀국수,248,300,361,68.3,6.53,9.32,2.98,NULL,13,1321,NULL,"쌀, 소고기, 고추장, 양파, 대파"
245,매콤 물쌀국수,249,300,322,71.2,5.43,8.31,3.12,NULL,12,1230,NULL,"쌀, 소고기, 고춧가루, 양파, 대파"
246,돈까스,252,200,491,24.56,51.77,18.98,5.307,8.254,185,883,640,"돼지고기, 밀가루, 양배추, 쌀"
247,짜조,253,22,48,5,2,2,0.2,0.8,NULL,120,60,"닭고기, 양파, 치즈, 춘권피, 파프리카"
248,교자만두,254,100,215,28,8,8,1.3,1.433,5,290,73,"밀가루, 돼지고기, 부추, 당근"
249,갈비만두,255,100,160,13.32,8.02,7.9,2.5,3.4,12,230,100,"밀가루, 돼지고기, 간장, 부추, 당근"
250,튀김만두,256,50,95,10.73,4.91,3.43,1.163,1.433,12,74,NULL,"밀가루, 돼지고기, 부추, 당근"
251,소떡소떡,257,100,340,43.32,10.46,13.61,4.065,6.707,42,637,171,"밀가루, 떡, 소시지"
252,돈코츠라멘,258,400,499,83.47,14.48,10.74,4.232,4.4,21,1307,324,"돼지고기, 간장, 밀가루, 후추, 대파, 마늘"
253,고기덮밥,259,300,440,48.77,28.64,12.74,3.244,5.098,54,304,486,"돼지고기, 간장, 밀가루, 대파, 마늘"
254,육개장,261,200,165,10.45,14.32,7.57,2.083,3.289,20,720,429,"소고기, 고사리, 대파, 숙주"
255,육회비빔밥,262,400,531,72.96,27.52,13.07,3.934,5.322,210,361,689,"소고기, 고추장, 마늘, 깨, 새싹, 김, 간장, 쌀"
256,핵불덮밥,260,500,812,103.12,26.3,18.3,4.21,3.2,102,601.3,521,"돼지고기, 고추장, 마늘, 고추, 깨, 쌀, 김"
257,수제비프싱글버거,263,150,370,39,11,17,6,NULL,30,600,NULL,"소고기, 밀가루, 양상추"
258,불갈비버거,264,182,462,65,22,17,8.6,NULL,NULL,909,NULL,"돼지고기, 밀가루, 양상추, 칠리소스"
259,불갈비체다버거,265,190,502,65,20,31,10.1,NULL,42,951,NULL,"돼지고기, 밀가루, 양상추, 칠리소스, 치즈"
260,불갈비모짜버거,266,190,501,64,20,31,9,NULL,41,928,NULL,"돼지고기, 밀가루, 양상추, 칠리소스, 치즈"
261,수제비프버거,267,167,409,44,14,19,6,NULL,30,669,NULL,"소고기, 밀가루, 양상추"
262,수제비프체다버거,268,175,414,41,13,22,8,NULL,65,740,NULL,"소고기, 밀가루, 양상추, 치즈"
263,수제비프모짜버거,269,175,412,40,14,22,8,NULL,66,732,NULL,"소고기, 밀가루, 양상추, 치즈"
264,수제비프더블치즈버거,270,200,485,39,12,31,10,NULL,78,760,NULL,"소고기, 밀가루, 양상추, 치즈"
265,수제비프해쉬버거,271,250,40,74,29,5,NULL,NULL,NULL,810,NULL,"소고기, 밀가루, 양상추, 감자"
266,수제비프치즈베이컨버거,272,250,479,76.5,32,5,NULL,NULL,NULL,870,NULL,"소고기, 밀가루, 양상추, 베이컨, 치즈"
267,통살치킨버거,283,193,585,39,26,36,8,NULL,75,650,NULL,"닭고기, 밀가루, 양상추"
268,슈프림양념치킨버거,284,155,453,50,14,22,5,NULL,38,1001,NULL,"닭고기, 밀가루, 양상추, 고추장, 간장"
269,핫갈릭치킨버거,285,215.5,588,19.5,26.5,18,7.85,0,37.5,992.5,NULL,"닭고기, 밀가루, 양상추, 마늘, 핫소스"
270,핫바베큐치킨버거,286,200,484,20,19,20,8,NULL,NULL,880,NULL,"닭고기, 밀가루, 양상추, 핫소스"
271,핫스파이시치킨버거,287,160,376,45,13,16,4,NULL,35,1180,NULL,"닭고기, 밀가루, 양상추, 핫소스"
272,달콤강정치킨버거,288,232,662,13,28,8.2,NULL,NULL,NULL,1080,NULL,"닭고기, 밀가루, 양상추, 올리고당, 간장"
273,핫강정치킨버거,289,230,672,12,29,9,NULL,NULL,NULL,1201,NULL,"닭고기, 밀가루, 양상추, 올리고당, 간장"
274,삼겹살쌈밥,297,600,760,101,28.1,34.1,12.1,20.1,NULL,1400,1000,"돼지고기, 쌈장, 상추, 마늘, 쌀"
275,제육쌈밥,298,600,740,101,27.1,39.1,12.9,19.1,NULL,1504,901,"돼지고기, 고추장, 양파, 마늘, 상추, 쌀"
276,두루치기쌈밥,299,600,740,101,27.1,39.1,12.9,19.1,NULL,1504,901,"돼지고기, 고추장, 김치, 마늘, 상추, 쌀"
277,제육덮밥,300,500,779,115.13,29.85,21.41,6.397,8.788,71,544,725,"돼지고기, 고추장, 양파, 마늘, 김, 달걀, 쌀"
278,두루치기덮밥,301,500,779,115.13,29.85,20.42,5.984,9.31,80,510,710,"돼지고기, 고추장, 김치, 마늘, 김, 달걀, 쌀"
279,물냉면,302,400,383,64.58,16.5,5.74,1.962,2.293,48,1760,244,"밀가루,  오이, 쌈무, 참기름, 달걀"
280,비빔냉면,303,400,463,75.92,17.37,9.34,2.117,3.419,189,1583,312,"밀가루, 오이, 쌈무, 참기름, 달걀, 고추장"
281,빨떡,304,200,280,60.42,6.97,2.91,0.544,0.768,7,249,571,"떡, 대파, 어묵, 고추장, 고춧가루"
282,참치주먹밥,305,100,202,32,4,6,0.78,NULL,NULL,312,NULL,"쌀, 참치, 마요네즈"
283,라볶이,306,300,417,67.71,10.32,13.83,2.85,4.917,11,670,678,"라면사리, 떡, 대파, 어묵, 고추장, 고춧가루"
284,스크램블스팸김치볶음밥,307,300,446,75.09,8.75,12.37,1.868,4.729,NULL,844,520,"달걀, 햄, 김치, 마요네즈, 고춧가루, 쌀"
285,제육한상,308,300,572,31.12,39.12,33.08,9.991,13.746,128,832,1055,"돼지고기, 고추장, 양파, 마늘, 상추, 쌀"
286,햄치즈순두부,309,300,452,17,23,32,12,13,NULL,872,501,"햄, 치즈, 대파, 순두부, 마늘, 고춧가루, 참기름, 쌀"
287,제육한상+햄치즈순두부,310,600,1024,48.12,62.12,65.08,21.991,26.746,128,1704,1556,"돼지고기, 고추장, 양파, 마늘, 상추, 쌀, 햄, 치즈, 대파, 순두부, 고춧가루, 참기름"
288,제육한상+햄지치즈순두부+주먹밥,311,700,1184,83.12,67.12,70.08,22.881,26.746,128,1972,1556,"돼지고기, 고추장, 양파, 마늘, 상추, 쌀, 햄, 치즈, 대파, 순두부, 고춧가루, 참기름, 김"
289,제육2인정식,312,600,1014,62.3,80,67,21,28,250,1780,2003,"돼지고기, 고추장, 양파, 마늘, 상추, 쌀"
290,주먹밥,313,100,160,35,5,5,0.89,NULL,NULL,268,NULL,"쌀, 김"
291,차돌짬뽕,314,500,881,130.47,36.61,22.56,7.43,10.014,70,1462,861,"소고기, 오징어, 양배추, 당근, 마늘, 간장, 새우, 밀가루, 양파, 고춧가루"
292,잡탕밥,315,400,518,61.45,28.39,18.65,2.708,6.204,46,1494,843,"버섯, 오징어, 새우, 돼지고기, 양파, 당근, 시금치, 대파, 마늘, 굴소스, 간장, 참기름"
293,자장면,316,450,785,129.41,26.81,19.98,5.621,8.517,22,600,803,"돼지고기, 양파, 양배추, 호박, 당근, 콩, 밀가루, 자장가루"
294,삼선짜장,317,120,500,80,11,15,8,NULL,10,1010,NULL,"새우, 오징어, 조개, 돼지고기, 양파, 대파, 청경채, 감자, 자장가루, 밀가루"
295,삼선짬뽕,318,350,487,74.19,28.08,7.89,1.102,3.115,235,985,612,"새우, 오징어, 조개, 돼지고기, 무, 대파, 양파, 청경채, 고추, 밀가루"
296,마파두부덮밥,320,300,360,17.16,23.16,20.66,5.489,8.504,58,1616,465,"두부, 돼지고기, 양파, 대파, 고춧가루, 된장, 고추장, 쌀"
297,삼선볶음밥,319,200,291,37.19,10.19,10.88,1.842,3.173,108,620,108,"쌀, 달걀, 새우, 오징어, 해삼, 부추, 양파, 피망"
298,게살볶음밥,321,230,385,73,10,6,1.2,NULL,50,310,NULL,"쌀, 게살, 달걀, 대파, 당근, 피방, 굴소스"
299,찹쌀탕수육,323,300,591,64.73,26.99,23.93,7.409,10.555,87,447,615,"돼지고기, 오이, 당근, 양파, 적채, 목이버섯, 올리고당, 밀가루"
300,깐풍기,326,200,450,33.46,20.99,25.35,4.848,12.084,67,858,294,"닭고기, 피망, 피망, 대파, 마늘, 생강, 달걀, 녹말가루, 밀가루, 홍고추"
301,깐소새우,344,200,353,34.28,22.52,13.42,1.281,6.72,136,928,290,"새우, 양파, 달걀, 전분가루, 고추장, 마늘, 밀가루"
302,크림새우,341,200,314,23.78,25.95,12.1,3.839,4.489,175,743,280,"밀가루, 새우, 양상추, 호두, 마요네즈"
303,깐풍새우,329,200,420,19,37,14,6.1,7.2,NULL,930,401,"새우, 밀가루, 간장, 굴소스, 대파, 전분가루, 당근, 홍고추, 양파"
304,마라탕,331,100,275,12.5,17,20,4.3,5.23,40,1000,700,"마라후, 땅콩, 생강, 마늘, 양파, 버섯, 돼지고기"
305,마라샹궈,332,100,175,10,12.45,13.21,2.31,4.54,53,1021,441,"마라후, 땅콩, 생강, 마늘, 양파, 버섯, 돼지고기"
306,꿔보러우,333,200,384,33.18,22.49,17.39,2.854,8.735,62,878,528,"돼지고기, 전분가루, 달걀, 당근, 양파"
307,물만두,334,150,280,39,8,10,NULL,NULL,NULL,NULL,NULL,"밀가루, 돼지고기, 부추, 당근"
308,육회비빔밥,336,400,531,72.96,27.52,13.07,3.934,5.322,210,361,689,"양파, 시금치, 버섯, 당근, 상추, 쌀, 소고기"
309,수육곰탕,339,100,185,1.83,23.68,9,3.498,3.808,52,449,475,"사골, 마늘, 소고기, 파, 양파, 쌀"
310,삼겹살덮밥,335,100,276,32,14,12,561,4.2,5.31,612,123.21,"돼지고기, 고추장, 양파, 마늘, 김, 달걀, 쌀"
311,순두부국밥,337,500,580,85,34,13,3.5,4.2,NULL,2300,1764,"순두부, 양파, 대파, 마늘, 쌀, 돼지고기"
312,우동국밥,338,500,680,91,30,15,3.6,5.5,NULL,1640,880,"밀가루, 대파, 마늘, 쌀"
313,깐소새우,343,200,353,34.28,22.52,13.42,1.281,6.72,136,928,290,"새우, 양파, 달걀, 전분가루, 고추장, 마늘, 밀가루"
314,크림새우,340,200,314,23.78,25.95,12.1,3.839,4.489,175,743,280,"밀가루, 새우, 양상추, 호두, 마요네즈"
315,깐풍새우,328,200,420,19,37,14,6.1,7.2,NULL,930,401,"새우, 밀가루, 간장, 굴소스, 대파, 전분가루, 당근, 홍고추, 양파"
316,깐소새우,345,200,353,34.28,22.52,13.42,1.281,6.72,136,928,290,"새우, 양파, 달걀, 전분가루, 고추장, 마늘, 밀가루"
317,크림새우,342,200,314,23.78,25.95,12.1,3.839,4.489,175,743,280,"밀가루, 새우, 양상추, 호두, 마요네즈"
318,깐풍새우,330,200,420,19,37,14,6.1,7.2,NULL,930,401,"새우, 밀가루, 간장, 굴소스, 대파, 전분가루, 당근, 홍고추, 양파"
319,찹쌀탕수육,322,300,591,64.73,26.99,23.93,7.409,10.555,87,447,615,"돼지고기, 오이, 당근, 양파, 적채, 목이버섯, 올리고당, 밀가루"
320,깐풍기,325,200,450,33.46,20.99,25.35,4.848,12.084,67,858,294,"닭고기, 피망, 피망, 대파, 마늘, 생강, 달걀, 녹말가루, 밀가루, 홍고추"
321,찹쌀탕수육,324,300,591,64.73,26.99,23.93,7.409,10.555,87,447,615,"돼지고기, 오이, 당근, 양파, 적채, 목이버섯, 올리고당, 밀가루"
322,깐풍기,327,200,450,33.46,20.99,25.35,4.848,12.084,67,858,294,"닭고기, 피망, 피망, 대파, 마늘, 생강, 달걀, 녹말가루, 밀가루, 홍고추"
